<?xml version="1.0" encoding="UTF-8"?>
<items>
<playlist_name>TV</playlist_name>
<channel>
	<title>Pervyj 320x240</title>
	<stream_url><![CDATA[http://89.232.125.188:3521/stream.flv]]></stream_url> 
	<logo_30x30>http://www.kompromat.lv/pics/v_l_09.jpg</logo_30x30>
	<browser_url><![CDATA[http://www.pristavka.de]]></browser_url>
	<description><![CDATA[<iframe id="yandex_tv"  src="http://m.tv.yandex.ru/127/?channel=1&when=2&day=#######" width="295" height="405"></iframe>]]></description>
	<category_id>4</category_id>
</channel>
</items>