<?xml version="1.0" encoding="UTF-8" ?>
<items>
<playlist_name>External Playlist</playlist_name>	
<channel>
	<title>gogo popis</title>
		<logo_30x30>http://a.germet.net/img/film.png</logo_30x30>
		<description>IPTV EXTERNAL PLAYLIST</description>
		<playlist_url>http://listanje.googlecode.com/git/nStream.xml</playlist_url>
		<category_id>1</category_id>
	</channel>
	<channel>
	<title>gosha99 portal</title>
		<logo_30x30>http://a.germet.net/img/film.png</logo_30x30>
		<description>IPTV EXTERNAL PLAYLIST</description>
		<playlist_url>http://gegen-abzocke.com/xml/portal.xml</playlist_url>
		<category_id>1</category_id>
	</channel>
	<channel>
		<title>gosha99 portal2</title>
		<logo_30x30>http://a.germet.net/img/film.png</logo_30x30>
		<description>IPTV EXTERNAL PLAYLIST</description>
		<playlist_url>http://gegen-abzocke.com/xml/portal2.xml</playlist_url>
	</channel>
	<channel>
		<title><![CDATA[Turk nStreamVOD Samsung & Enigma2 Portal]]></title>
		<logo_30x30>http://a.germet.net/img/film.png</logo_30x30>
		<description>IPTV EXTERNAL PLAYLIST</description>
		<playlist_url>http://turk.nstreamvod.profiservice.ws/</playlist_url>
	</channel>
	<channel>
		<title>Germet IPTV</title> 
		<logo_30x30>http://a.germet.net/img/film.png</logo_30x30>
		<description></description>
		<playlist_url><![CDATA[http://nstream.germet.net/nStream.xml]]></playlist_url>
	</channel>	
</items>
