<?xml version="1.0" encoding="UTF-8"?>
<items>
<playlist_name>Youtube</playlist_name>
	<channel>
		<title>+100500 - Разборка</title>
		<stream_url><![CDATA[http://www.youtube.com/watch?v=bWBtZCZfmy8]]></stream_url>
		<logo_30x30></logo_30x30>
		<description>+100500</description>
	</channel>
	<channel>
		<title>vkontakte.ru</title>
		<description>http://vkontakte.ru</description>;
		<stream_url><![CDATA[http://vkontakte.ru/video_ext.php?oid=-29823624&id=161561565&hash=d83a38de987da1db&sd]]></stream_url>
		<logo_30x30></logo_30x30>
	</channel>http://www.youtube.com/watch?v=jJjJeYfAwQw
	<channel>
		<title>youtube +100500 HD</title>
		<description>http://www.youtube.com/</description>;
		<stream_url><![CDATA[http://www.youtube.com/watch?v=4foHwb6qWeU]]></stream_url>
		<logo_30x30></logo_30x30>
	</channel>
	<channel>
		<title>Youtube 3D TV HD</title>
		<description>3D Video yt3d Trailer 3D Movie on Youtube 3D TV - PANGEA The Neverending World - 3D Animation 2009 </description>;
		<stream_url><![CDATA[http://www.youtube.com/watch?v=jJjJeYfAwQw]]></stream_url>
		<logo_30x30></logo_30x30>
	</channel>
	<channel>
		<title>Big Buck Bunny animation (1080p HD) </title>
		<description>An animated short film about a Big Buck Bunny in HD</description>;
		<stream_url><![CDATA[http://www.youtube.com/watch?v=XSGBVzeBUbk]]></stream_url>
		<logo_30x30></logo_30x30>
	</channel>
</items>