<?xml version="1.0" encoding="UTF-8" ?>
<items>
<playlist_name>External Playlist</playlist_name>	
<channel>
<title>gosha99 serialsonline</title>
<logo_30x30>http://a.germet.net/img/film.png</logo_30x30>
<description>IPTV EXTERNAL PLAYLIST</description>
<playlist_url>http://gegen-abzocke.com/xml/nstrim/start.xml</playlist_url>
<category_id>1</category_id>
</channel>
<channel>
<title>gosha99 onlyfilms.ru</title>
<logo_30x30>http://a.germet.net/img/film.png</logo_30x30>
<description>IPTV EXTERNAL PLAYLIST</description>
<playlist_url>http://gegen-abzocke.com/xml/nstrim/startonly.xml</playlist_url>
</channel>
<channel>
<title>gosha99 movie2k</title>
<logo_30x30>http://a.germet.net/img/film.png</logo_30x30>
<description>IPTV EXTERNAL PLAYLIST</description>
<playlist_url>http://gegen-abzocke.com/xml/nstrim/movie2k.php</playlist_url>
</channel>
</items>
